[
{
    "pk": 1, 
    "model": "Beep.beep", 
    "fields": {
        "rebeeps": 0, 
        "image_str": null, 
        "created_by": 1001, 
        "beep_str": "Bhak Bhosadi", 
        "likes": 0, 
        "misc_col1": "", 
        "date_created": "2014-11-11T18:31:06Z", 
        "misc_col2": "", 
        "misc_col3": null, 
        "beeplevel": 3
    }
},
{
    "pk": 2, 
    "model": "Beep.beep", 
    "fields": {
        "rebeeps": 0, 
        "image_str": null, 
        "created_by": 1001, 
        "beep_str": "Bhak Saale", 
        "likes": 0, 
        "misc_col1": "", 
        "date_created": "2014-11-11T18:31:06Z", 
        "misc_col2": "", 
        "misc_col3": null, 
        "beeplevel": 1
    }
},
{
    "pk": 3, 
    "model": "Beep.beep", 
    "fields": {
        "rebeeps": 0, 
        "image_str": null, 
        "created_by": 1001, 
        "beep_str": "Kutte", 
        "likes": 0, 
        "misc_col1": "", 
        "date_created": "2014-11-11T18:31:06Z", 
        "misc_col2": "", 
        "misc_col3": null, 
        "beeplevel": 1
    }
},
{
    "pk": 4, 
    "model": "Beep.beep", 
    "fields": {
        "rebeeps": 0, 
        "image_str": null, 
        "created_by": 1001, 
        "beep_str": "Kutte Kamine", 
        "likes": 0, 
        "misc_col1": "", 
        "date_created": "2014-11-11T18:31:06Z", 
        "misc_col2": "", 
        "misc_col3": null, 
        "beeplevel": 1
    }
},
{
    "pk": 5, 
    "model": "Beep.beep", 
    "fields": {
        "rebeeps": 0, 
        "image_str": null, 
        "created_by": 1001, 
        "beep_str": "Haramkhor", 
        "likes": 0, 
        "misc_col1": "", 
        "date_created": "2014-11-11T18:31:06Z", 
        "misc_col2": "", 
        "misc_col3": null, 
        "beeplevel": 1
    }
},
{
    "pk": 6, 
    "model": "Beep.beep", 
    "fields": {
        "rebeeps": 0, 
        "image_str": null, 
        "created_by": 1001, 
        "beep_str": "Chutiye", 
        "likes": 0, 
        "misc_col1": "", 
        "date_created": "2014-11-11T18:31:06Z", 
        "misc_col2": "", 
        "misc_col3": null, 
        "beeplevel": 1
    }
},
{
    "pk": 7, 
    "model": "Beep.beep", 
    "fields": {
        "rebeeps": 0, 
        "image_str": null, 
        "created_by": 1001, 
        "beep_str": "Hagge", 
        "likes": 0, 
        "misc_col1": "", 
        "date_created": "2014-11-11T18:31:06Z", 
        "misc_col2": "", 
        "misc_col3": null, 
        "beeplevel": 1
    }
},
{
    "pk": 8, 
    "model": "Beep.beep", 
    "fields": {
        "rebeeps": 0, 
        "image_str": null, 
        "created_by": 1001, 
        "beep_str": "Sadu", 
        "likes": 0, 
        "misc_col1": "", 
        "date_created": "2014-11-11T18:31:06Z", 
        "misc_col2": "", 
        "misc_col3": null, 
        "beeplevel": 1
    }
},
{
    "pk": 9, 
    "model": "Beep.beep", 
    "fields": {
        "rebeeps": 0, 
        "image_str": null, 
        "created_by": 1001, 
        "beep_str": "Gandu", 
        "likes": 0, 
        "misc_col1": "", 
        "date_created": "2014-11-11T18:31:06Z", 
        "misc_col2": "", 
        "misc_col3": null, 
        "beeplevel": 2
    }
},
{
    "pk": 10, 
    "model": "Beep.beep", 
    "fields": {
        "rebeeps": 0, 
        "image_str": null, 
        "created_by": 1001, 
        "beep_str": "Chodu", 
        "likes": 0, 
        "misc_col1": "", 
        "date_created": "2014-11-11T18:31:06Z", 
        "misc_col2": "", 
        "misc_col3": null, 
        "beeplevel": 2
    }
},
{
    "pk": 11, 
    "model": "Beep.beep", 
    "fields": {
        "rebeeps": 0, 
        "image_str": null, 
        "created_by": 1001, 
        "beep_str": "Chuttar", 
        "likes": 0, 
        "misc_col1": "", 
        "date_created": "2014-11-11T18:31:06Z", 
        "misc_col2": "", 
        "misc_col3": null, 
        "beeplevel": 2
    }
},
{
    "pk": 12, 
    "model": "Beep.beep", 
    "fields": {
        "rebeeps": 0, 
        "image_str": null, 
        "created_by": 1001, 
        "beep_str": "Chamhar", 
        "likes": 0, 
        "misc_col1": "", 
        "date_created": "2014-11-11T18:31:06Z", 
        "misc_col2": "", 
        "misc_col3": null, 
        "beeplevel": 1
    }
},
{
    "pk": 13, 
    "model": "Beep.beep", 
    "fields": {
        "rebeeps": 0, 
        "image_str": null, 
        "created_by": 1001, 
        "beep_str": "Chaprasi", 
        "likes": 0, 
        "misc_col1": "", 
        "date_created": "2014-11-11T18:31:06Z", 
        "misc_col2": "", 
        "misc_col3": null, 
        "beeplevel": 1
    }
},
{
    "pk": 14, 
    "model": "Beep.beep", 
    "fields": {
        "rebeeps": 0, 
        "image_str": null, 
        "created_by": 1001, 
        "beep_str": "Laude", 
        "likes": 0, 
        "misc_col1": "", 
        "date_created": "2014-11-11T18:31:06Z", 
        "misc_col2": "", 
        "misc_col3": null, 
        "beeplevel": 3
    }
},
{
    "pk": 15, 
    "model": "Beep.beep", 
    "fields": {
        "rebeeps": 0, 
        "image_str": null, 
        "created_by": 1001, 
        "beep_str": "Laude ke baal", 
        "likes": 0, 
        "misc_col1": "", 
        "date_created": "2014-11-11T18:31:06Z", 
        "misc_col2": "", 
        "misc_col3": null, 
        "beeplevel": 3
    }
},
{
    "pk": 16, 
    "model": "Beep.beep", 
    "fields": {
        "rebeeps": 0, 
        "image_str": null, 
        "created_by": 1001, 
        "beep_str": "Lund", 
        "likes": 0, 
        "misc_col1": "", 
        "date_created": "2014-11-11T18:31:06Z", 
        "misc_col2": "", 
        "misc_col3": null, 
        "beeplevel": 3
    }
},
{
    "pk": 17, 
    "model": "Beep.beep", 
    "fields": {
        "rebeeps": 0, 
        "image_str": null, 
        "created_by": 1001, 
        "beep_str": "Lundoore", 
        "likes": 0, 
        "misc_col1": "", 
        "date_created": "2014-11-11T18:31:06Z", 
        "misc_col2": "", 
        "misc_col3": null, 
        "beeplevel": 3
    }
},
{
    "pk": 18, 
    "model": "Beep.beep", 
    "fields": {
        "rebeeps": 0, 
        "image_str": null, 
        "created_by": 1001, 
        "beep_str": "Bin pendi ke lote", 
        "likes": 0, 
        "misc_col1": "", 
        "date_created": "2014-11-11T18:31:06Z", 
        "misc_col2": "", 
        "misc_col3": null, 
        "beeplevel": 1
    }
},
{
    "pk": 19, 
    "model": "Beep.beep", 
    "fields": {
        "rebeeps": 0, 
        "image_str": null, 
        "created_by": 1001, 
        "beep_str": "", 
        "likes": 0, 
        "misc_col1": "", 
        "date_created": "2014-11-11T18:31:06Z", 
        "misc_col2": "", 
        "misc_col3": null, 
        "beeplevel": 1
    }
},
{
    "pk": 20, 
    "model": "Beep.beep", 
    "fields": {
        "rebeeps": 0, 
        "image_str": null, 
        "created_by": 1001, 
        "beep_str": "Cockroach", 
        "likes": 0, 
        "misc_col1": "", 
        "date_created": "2014-11-11T18:31:06Z", 
        "misc_col2": "", 
        "misc_col3": null, 
        "beeplevel": 3
    }
},
{
    "pk": 21, 
    "model": "Beep.beep", 
    "fields": {
        "rebeeps": 0, 
        "image_str": null, 
        "created_by": 1001, 
        "beep_str": "Lund loge mu mein", 
        "likes": 0, 
        "misc_col1": "", 
        "date_created": "2014-11-11T18:31:06Z", 
        "misc_col2": "", 
        "misc_col3": null, 
        "beeplevel": 4
    }
},
{
    "pk": 22, 
    "model": "Beep.beep", 
    "fields": {
        "rebeeps": 0, 
        "image_str": null, 
        "created_by": 1001, 
        "beep_str": "Gaand phat gai be", 
        "likes": 0, 
        "misc_col1": "", 
        "date_created": "2014-11-11T18:31:06Z", 
        "misc_col2": "", 
        "misc_col3": null, 
        "beeplevel": 3
    }
},
{
    "pk": 23, 
    "model": "Beep.beep", 
    "fields": {
        "rebeeps": 0, 
        "image_str": null, 
        "created_by": 1001, 
        "beep_str": "Gaand mein bamboo kar denge", 
        "likes": 0, 
        "misc_col1": "", 
        "date_created": "2014-11-11T18:31:06Z", 
        "misc_col2": "", 
        "misc_col3": null, 
        "beeplevel": 3
    }
},
{
    "pk": 24, 
    "model": "Beep.beep", 
    "fields": {
        "rebeeps": 0, 
        "image_str": null, 
        "created_by": 1001, 
        "beep_str": "Gaand marvao tum", 
        "likes": 0, 
        "misc_col1": "", 
        "date_created": "2014-11-11T18:31:06Z", 
        "misc_col2": "", 
        "misc_col3": null, 
        "beeplevel": 2
    }
},
{
    "pk": 25, 
    "model": "Beep.beep", 
    "fields": {
        "rebeeps": 0, 
        "image_str": null, 
        "created_by": 1001, 
        "beep_str": "Gand mein danda de?", 
        "likes": 0, 
        "misc_col1": "", 
        "date_created": "2014-11-11T18:31:06Z", 
        "misc_col2": "", 
        "misc_col3": null, 
        "beeplevel": 3
    }
},
{
    "pk": 26, 
    "model": "Beep.beep", 
    "fields": {
        "rebeeps": 0, 
        "image_str": null, 
        "created_by": 1001, 
        "beep_str": "Naali ke kide", 
        "likes": 0, 
        "misc_col1": "", 
        "date_created": "2014-11-11T18:31:06Z", 
        "misc_col2": "", 
        "misc_col3": null, 
        "beeplevel": 1
    }
},
{
    "pk": 27, 
    "model": "Beep.beep", 
    "fields": {
        "rebeeps": 0, 
        "image_str": null, 
        "created_by": 1001, 
        "beep_str": "Bhosdi-ke", 
        "likes": 0, 
        "misc_col1": "", 
        "date_created": "2014-11-11T18:31:06Z", 
        "misc_col2": "", 
        "misc_col3": null, 
        "beeplevel": 3
    }
},
{
    "pk": 28, 
    "model": "Beep.beep", 
    "fields": {
        "rebeeps": 0, 
        "image_str": null, 
        "created_by": 1001, 
        "beep_str": "Tumhari ma ka bhosda", 
        "likes": 0, 
        "misc_col1": "", 
        "date_created": "2014-11-11T18:31:06Z", 
        "misc_col2": "", 
        "misc_col3": null, 
        "beeplevel": 4
    }
},
{
    "pk": 29, 
    "model": "Beep.beep", 
    "fields": {
        "rebeeps": 0, 
        "image_str": null, 
        "created_by": 1001, 
        "beep_str": "", 
        "likes": 0, 
        "misc_col1": "", 
        "date_created": "2014-11-11T18:31:06Z", 
        "misc_col2": "", 
        "misc_col3": null, 
        "beeplevel": 4
    }
},
{
    "pk": 30, 
    "model": "Beep.beep", 
    "fields": {
        "rebeeps": 0, 
        "image_str": null, 
        "created_by": 1001, 
        "beep_str": "Tumhari Ma ki Chudiyaan aaah", 
        "likes": 0, 
        "misc_col1": "", 
        "date_created": "2014-11-11T18:31:06Z", 
        "misc_col2": "", 
        "misc_col3": null, 
        "beeplevel": 3
    }
},
{
    "pk": 31, 
    "model": "Beep.beep", 
    "fields": {
        "rebeeps": 0, 
        "image_str": null, 
        "created_by": 1001, 
        "beep_str": "", 
        "likes": 0, 
        "misc_col1": "", 
        "date_created": "2014-11-11T18:31:06Z", 
        "misc_col2": "", 
        "misc_col3": null, 
        "beeplevel": 2
    }
},
{
    "pk": 32, 
    "model": "Beep.beep", 
    "fields": {
        "rebeeps": 0, 
        "image_str": null, 
        "created_by": 1001, 
        "beep_str": "Mooth maar rahe ho", 
        "likes": 0, 
        "misc_col1": "", 
        "date_created": "2014-11-11T18:31:06Z", 
        "misc_col2": "", 
        "misc_col3": null, 
        "beeplevel": 3
    }
},
{
    "pk": 33, 
    "model": "Beep.beep", 
    "fields": {
        "rebeeps": 0, 
        "image_str": null, 
        "created_by": 1001, 
        "beep_str": "", 
        "likes": 0, 
        "misc_col1": "", 
        "date_created": "2014-11-11T18:31:06Z", 
        "misc_col2": "", 
        "misc_col3": null, 
        "beeplevel": 1
    }
},
{
    "pk": 34, 
    "model": "Beep.beep", 
    "fields": {
        "rebeeps": 0, 
        "image_str": null, 
        "created_by": 1001, 
        "beep_str": "Loge hamara", 
        "likes": 0, 
        "misc_col1": "", 
        "date_created": "2014-11-11T18:31:06Z", 
        "misc_col2": "", 
        "misc_col3": null, 
        "beeplevel": 2
    }
},
{
    "pk": 35, 
    "model": "Beep.beep", 
    "fields": {
        "rebeeps": 0, 
        "image_str": null, 
        "created_by": 1001, 
        "beep_str": "Kutte mu band karo", 
        "likes": 0, 
        "misc_col1": "", 
        "date_created": "2014-11-11T18:31:06Z", 
        "misc_col2": "", 
        "misc_col3": null, 
        "beeplevel": 2
    }
},
{
    "pk": 36, 
    "model": "Beep.beep", 
    "fields": {
        "rebeeps": 0, 
        "image_str": null, 
        "created_by": 1001, 
        "beep_str": "Chutiya gaye ho kya?", 
        "likes": 0, 
        "misc_col1": "", 
        "date_created": "2014-11-11T18:31:06Z", 
        "misc_col2": "", 
        "misc_col3": null, 
        "beeplevel": 2
    }
},
{
    "pk": 37, 
    "model": "Beep.beep", 
    "fields": {
        "rebeeps": 0, 
        "image_str": null, 
        "created_by": 1001, 
        "beep_str": "Chut ke pakode", 
        "likes": 0, 
        "misc_col1": "", 
        "date_created": "2014-11-11T18:31:06Z", 
        "misc_col2": "", 
        "misc_col3": null, 
        "beeplevel": 3
    }
},
{
    "pk": 38, 
    "model": "Beep.beep", 
    "fields": {
        "rebeeps": 0, 
        "image_str": null, 
        "created_by": 1001, 
        "beep_str": "Chut chatore", 
        "likes": 0, 
        "misc_col1": "", 
        "date_created": "2014-11-11T18:31:06Z", 
        "misc_col2": "", 
        "misc_col3": null, 
        "beeplevel": 4
    }
},
{
    "pk": 39, 
    "model": "Beep.beep", 
    "fields": {
        "rebeeps": 0, 
        "image_str": null, 
        "created_by": 1001, 
        "beep_str": "Chutiya gaye ho kya", 
        "likes": 0, 
        "misc_col1": "", 
        "date_created": "2014-11-11T18:31:06Z", 
        "misc_col2": "", 
        "misc_col3": null, 
        "beeplevel": 2
    }
},
{
    "pk": 40, 
    "model": "Beep.beep", 
    "fields": {
        "rebeeps": 0, 
        "image_str": null, 
        "created_by": 1001, 
        "beep_str": "Chutiyapanti band karo", 
        "likes": 0, 
        "misc_col1": "", 
        "date_created": "2014-11-11T18:31:06Z", 
        "misc_col2": "", 
        "misc_col3": null, 
        "beeplevel": 2
    }
},
{
    "pk": 41, 
    "model": "Beep.beep", 
    "fields": {
        "rebeeps": 0, 
        "image_str": null, 
        "created_by": 1001, 
        "beep_str": "", 
        "likes": 0, 
        "misc_col1": "", 
        "date_created": "2014-11-11T18:31:06Z", 
        "misc_col2": "", 
        "misc_col3": null, 
        "beeplevel": 4
    }
},
{
    "pk": 42, 
    "model": "Beep.beep", 
    "fields": {
        "rebeeps": 0, 
        "image_str": null, 
        "created_by": 1001, 
        "beep_str": "Bhak Mootheri", 
        "likes": 0, 
        "misc_col1": "", 
        "date_created": "2014-11-11T18:31:06Z", 
        "misc_col2": "", 
        "misc_col3": null, 
        "beeplevel": 2
    }
},
{
    "pk": 43, 
    "model": "Beep.beep", 
    "fields": {
        "rebeeps": 0, 
        "image_str": null, 
        "created_by": 1001, 
        "beep_str": "Bhak MadarChod", 
        "likes": 0, 
        "misc_col1": "", 
        "date_created": "2014-11-11T18:31:06Z", 
        "misc_col2": "", 
        "misc_col3": null, 
        "beeplevel": 4
    }
},
{
    "pk": 44, 
    "model": "Beep.beep", 
    "fields": {
        "rebeeps": 0, 
        "image_str": null, 
        "created_by": 1001, 
        "beep_str": "MaaaaaaaadarChod", 
        "likes": 0, 
        "misc_col1": "", 
        "date_created": "2014-11-11T18:31:06Z", 
        "misc_col2": "", 
        "misc_col3": null, 
        "beeplevel": 4
    }
},
{
    "pk": 45, 
    "model": "Beep.beep", 
    "fields": {
        "rebeeps": 0, 
        "image_str": null, 
        "created_by": 1001, 
        "beep_str": "Bhak BehenChod", 
        "likes": 0, 
        "misc_col1": "", 
        "date_created": "2014-11-11T18:31:06Z", 
        "misc_col2": "", 
        "misc_col3": null, 
        "beeplevel": 4
    }
},
{
    "pk": 46, 
    "model": "Beep.beep", 
    "fields": {
        "rebeeps": 0, 
        "image_str": null, 
        "created_by": 1001, 
        "beep_str": "Behen ke laude", 
        "likes": 0, 
        "misc_col1": "", 
        "date_created": "2014-11-11T18:31:06Z", 
        "misc_col2": "", 
        "misc_col3": null, 
        "beeplevel": 4
    }
},
    {
        "pk": 47,
        "model": "Beep.beep",
        "fields": {
            "rebeeps": 0,
            "image_str": null,
            "created_by": 1001,
            "beep_str": "",
            "likes": 0,
            "misc_col1": "",
            "date_created": "2014-11-11T18:31:06Z",
            "misc_col2": "",
            "misc_col3": null,
            "beeplevel": 2
        }
},
{
    "pk": 17, 
    "model": "Beep.sentbeep", 
    "fields": {
        "to_id": 1100, 
        "date_time": "2014-11-12T21:17:18Z", 
        "beep": 23, 
        "misc_col1": "", 
        "misc_col2": "", 
        "from_id": 1001
    }
},
{
    "pk": 18, 
    "model": "Beep.sentbeep", 
    "fields": {
        "to_id": 1100, 
        "date_time": "2014-11-12T21:18:44Z", 
        "beep": 26, 
        "misc_col1": "", 
        "misc_col2": "", 
        "from_id": 1001
    }
},
{
    "pk": 19, 
    "model": "Beep.sentbeep", 
    "fields": {
        "to_id": 1100, 
        "date_time": "2014-11-12T21:20:58Z", 
        "beep": 1, 
        "misc_col1": "", 
        "misc_col2": "", 
        "from_id": 1001
    }
},
{
    "pk": 20, 
    "model": "Beep.sentbeep", 
    "fields": {
        "to_id": 1100, 
        "date_time": "2014-11-12T21:21:01Z", 
        "beep": 3, 
        "misc_col1": "", 
        "misc_col2": "", 
        "from_id": 1001
    }
},
{
    "pk": 21, 
    "model": "Beep.sentbeep", 
    "fields": {
        "to_id": 1100, 
        "date_time": "2014-11-12T21:21:05Z", 
        "beep": 8, 
        "misc_col1": "", 
        "misc_col2": "", 
        "from_id": 1001
    }
},
{
    "pk": 22, 
    "model": "Beep.sentbeep", 
    "fields": {
        "to_id": 1100, 
        "date_time": "2014-11-12T21:21:06Z", 
        "beep": 8, 
        "misc_col1": "", 
        "misc_col2": "", 
        "from_id": 1001
    }
},
{
    "pk": 23, 
    "model": "Beep.sentbeep", 
    "fields": {
        "to_id": 1100, 
        "date_time": "2014-11-12T21:21:07Z", 
        "beep": 8, 
        "misc_col1": "", 
        "misc_col2": "", 
        "from_id": 1001
    }
},
{
    "pk": 24, 
    "model": "Beep.sentbeep", 
    "fields": {
        "to_id": 1106, 
        "date_time": "2014-11-12T21:21:13Z", 
        "beep": 8, 
        "misc_col1": "", 
        "misc_col2": "", 
        "from_id": 1001
    }
},
{
    "pk": 25, 
    "model": "Beep.sentbeep", 
    "fields": {
        "to_id": 1106, 
        "date_time": "2014-11-12T21:21:13Z", 
        "beep": 8, 
        "misc_col1": "", 
        "misc_col2": "", 
        "from_id": 1001
    }
},
{
    "pk": 26, 
    "model": "Beep.sentbeep", 
    "fields": {
        "to_id": 1106, 
        "date_time": "2014-11-12T21:21:20Z", 
        "beep": 20, 
        "misc_col1": "", 
        "misc_col2": "", 
        "from_id": 1001
    }
},
{
    "pk": 27, 
    "model": "Beep.sentbeep", 
    "fields": {
        "to_id": 1106, 
        "date_time": "2014-11-12T21:21:20Z", 
        "beep": 20, 
        "misc_col1": "", 
        "misc_col2": "", 
        "from_id": 1001
    }
},
{
    "pk": 28, 
    "model": "Beep.sentbeep", 
    "fields": {
        "to_id": 1106, 
        "date_time": "2014-11-12T21:21:25Z", 
        "beep": 29, 
        "misc_col1": "", 
        "misc_col2": "", 
        "from_id": 1001
    }
},
{
    "pk": 29, 
    "model": "Beep.sentbeep", 
    "fields": {
        "to_id": 1106, 
        "date_time": "2014-11-12T21:21:26Z", 
        "beep": 29, 
        "misc_col1": "", 
        "misc_col2": "", 
        "from_id": 1001
    }
},
{
    "pk": 7,
    "model": "Trends.beeptimetrends",
    "fields": {
        "beep": 8,
        "beep_freq": 3,
        "trend_type": 1
    }
},
{
    "pk": 8,
    "model": "Trends.beeptimetrends",
    "fields": {
        "beep": 1,
        "beep_freq": 2,
        "trend_type": 1
    }
}
]
